code,gas,concentration,contacts,subunit
1bwv,CO2,400mM,115.45222929936305,lsu
1bwv,CO2,400mM,153.07430997876858,lsu
1bwv,CO2,400mM,132.6624203821656,lsu
1bwv,CO2,400mM,186.3248407643312,lsu
1bwv,CO2,400mM,139.12738853503186,lsu
1bwv,CO2,400mM,196.83651804670913,lsu
1bwv,CO2,400mM,112.98301486199576,lsu
1bwv,CO2,400mM,173.10615711252655,lsu
1bwv,CO2,400mM,194.53623188405797,ssu
1bwv,CO2,400mM,232.36231884057972,ssu
1bwv,CO2,400mM,227.0072463768116,ssu
1bwv,CO2,400mM,237.2536231884058,ssu
1bwv,CO2,400mM,250.54347826086956,ssu
1bwv,CO2,400mM,167.65942028985506,ssu
1bwv,CO2,400mM,244.68115942028984,ssu
1bwv,CO2,400mM,240.66666666666666,ssu
1bwv,MO2,400mM,71.74309978768578,lsu
1bwv,MO2,400mM,90.09978768577494,lsu
1bwv,MO2,400mM,97.10828025477707,lsu
1bwv,MO2,400mM,67.0276008492569,lsu
1bwv,MO2,400mM,77.71549893842888,lsu
1bwv,MO2,400mM,84.1995753715499,lsu
1bwv,MO2,400mM,64.55626326963906,lsu
1bwv,MO2,400mM,90.2823779193206,lsu
1bwv,MO2,400mM,104.28985507246377,ssu
1bwv,MO2,400mM,91.52898550724638,ssu
1bwv,MO2,400mM,135.7246376811594,ssu
1bwv,MO2,400mM,139.55797101449275,ssu
1bwv,MO2,400mM,62.0,ssu
1bwv,MO2,400mM,100.15942028985508,ssu
1bwv,MO2,400mM,118.73913043478261,ssu
1bwv,MO2,400mM,107.69565217391305,ssu
3zxw,CO2,400mM,79.36717062634989,lsu
3zxw,CO2,400mM,110.1598272138229,lsu
3zxw,CO2,400mM,96.90712742980561,lsu
3zxw,CO2,400mM,94.16630669546436,lsu
3zxw,CO2,400mM,99.34773218142549,lsu
3zxw,CO2,400mM,77.38228941684665,lsu
3zxw,CO2,400mM,93.73650107991361,lsu
3zxw,CO2,400mM,85.69546436285097,lsu
3zxw,CO2,400mM,167.04301075268816,ssu
3zxw,CO2,400mM,168.46236559139786,ssu
3zxw,CO2,400mM,198.09677419354838,ssu
3zxw,CO2,400mM,218.23655913978496,ssu
3zxw,CO2,400mM,178.36559139784947,ssu
3zxw,CO2,400mM,125.9247311827957,ssu
3zxw,CO2,400mM,118.81720430107526,ssu
3zxw,CO2,400mM,115.03225806451613,ssu
3zxw,MO2,400mM,86.2267818574514,lsu
3zxw,MO2,400mM,97.88768898488121,lsu
3zxw,MO2,400mM,81.18142548596113,lsu
3zxw,MO2,400mM,85.8401727861771,lsu
3zxw,MO2,400mM,79.60475161987041,lsu
3zxw,MO2,400mM,87.10799136069114,lsu
3zxw,MO2,400mM,103.45140388768898,lsu
3zxw,MO2,400mM,100.0561555075594,lsu
3zxw,MO2,400mM,132.81720430107526,ssu
3zxw,MO2,400mM,93.53763440860214,ssu
3zxw,MO2,400mM,189.93548387096774,ssu
3zxw,MO2,400mM,88.04301075268818,ssu
3zxw,MO2,400mM,117.52688172043011,ssu
3zxw,MO2,400mM,120.68817204301075,ssu
3zxw,MO2,400mM,137.1505376344086,ssu
3zxw,MO2,400mM,91.89247311827957,ssu
6ftl,CO2,400mM,67.17610062893081,lsu
6ftl,CO2,400mM,60.473794549266245,lsu
6ftl,CO2,400mM,158.0071942446043,lsu
6ftl,CO2,400mM,147.12230215827338,lsu
6ftl,CO2,400mM,96.083857442348,lsu
6ftl,CO2,400mM,67.0083857442348,lsu
6ftl,CO2,400mM,135.0863309352518,lsu
6ftl,CO2,400mM,176.55395683453239,lsu
6ftl,CO2,400mM,76.33542976939204,ssu
6ftl,CO2,400mM,89.75681341719077,ssu
6ftl,CO2,400mM,125.09352517985612,ssu
6ftl,CO2,400mM,128.74100719424462,ssu
6ftl,CO2,400mM,67.04402515723271,ssu
6ftl,CO2,400mM,72.41928721174004,ssu
6ftl,CO2,400mM,110.43884892086331,ssu
6ftl,CO2,400mM,88.61870503597122,ssu
6ftl,MO2,400mM,43.679245283018865,lsu
6ftl,MO2,400mM,89.29979035639413,lsu
6ftl,MO2,400mM,117.36690647482014,lsu
6ftl,MO2,400mM,131.57553956834533,lsu
6ftl,MO2,400mM,73.60587002096436,lsu
6ftl,MO2,400mM,61.121593291404615,lsu
6ftl,MO2,400mM,71.0863309352518,lsu
6ftl,MO2,400mM,119.14388489208633,lsu
6ftl,MO2,400mM,63.295597484276726,ssu
6ftl,MO2,400mM,84.49475890985325,ssu
6ftl,MO2,400mM,131.67625899280574,ssu
6ftl,MO2,400mM,144.5179856115108,ssu
6ftl,MO2,400mM,53.61215932914046,ssu
6ftl,MO2,400mM,69.03144654088051,ssu
6ftl,MO2,400mM,86.61151079136691,ssu
6ftl,MO2,400mM,133.6115107913669,ssu
8ruc,CO2,400mM,64.91630901287553,lsu
8ruc,CO2,400mM,153.41463414634146,lsu
8ruc,CO2,400mM,75.19098712446352,lsu
8ruc,CO2,400mM,126.52032520325203,lsu
8ruc,CO2,400mM,93.08369098712447,lsu
8ruc,CO2,400mM,114.77235772357723,lsu
8ruc,CO2,400mM,83.02145922746782,lsu
8ruc,CO2,400mM,146.6260162601626,lsu
8ruc,CO2,400mM,89.54721030042919,ssu
8ruc,CO2,400mM,154.09756097560975,ssu
8ruc,CO2,400mM,78.10085836909872,ssu
8ruc,CO2,400mM,150.14634146341464,ssu
8ruc,CO2,400mM,72.49785407725322,ssu
8ruc,CO2,400mM,157.85365853658536,ssu
8ruc,CO2,400mM,76.52145922746782,ssu
8ruc,CO2,400mM,113.7560975609756,ssu
8ruc,MO2,400mM,68.32618025751073,lsu
8ruc,MO2,400mM,130.2357723577236,lsu
8ruc,MO2,400mM,69.07081545064378,lsu
8ruc,MO2,400mM,85.60975609756098,lsu
8ruc,MO2,400mM,83.91630901287553,lsu
8ruc,MO2,400mM,116.33333333333333,lsu
8ruc,MO2,400mM,70.52575107296137,lsu
8ruc,MO2,400mM,76.34959349593495,lsu
8ruc,MO2,400mM,107.50643776824035,ssu
8ruc,MO2,400mM,144.52845528455285,ssu
8ruc,MO2,400mM,71.43347639484979,ssu
8ruc,MO2,400mM,97.57723577235772,ssu
8ruc,MO2,400mM,105.22532188841201,ssu
8ruc,MO2,400mM,116.28455284552845,ssu
8ruc,MO2,400mM,84.8519313304721,ssu
8ruc,MO2,400mM,87.0569105691057,ssu
anci,CO2,400mM,80.46794871794872,lsu
anci,CO2,400mM,114.65384615384616,lsu
anci,CO2,400mM,104.63888888888889,lsu
anci,CO2,400mM,63.85042735042735,lsu
anci,CO2,400mM,93.08974358974359,lsu
anci,CO2,400mM,109.30555555555556,lsu
anci,CO2,400mM,102.00854700854701,lsu
anci,CO2,400mM,81.99145299145299,lsu
anci,CO2,400mM,123.3529411764706,ssu
anci,CO2,400mM,120.65686274509804,ssu
anci,CO2,400mM,137.6764705882353,ssu
anci,CO2,400mM,129.80392156862746,ssu
anci,CO2,400mM,111.84313725490196,ssu
anci,CO2,400mM,152.73529411764707,ssu
anci,CO2,400mM,172.4607843137255,ssu
anci,CO2,400mM,144.2549019607843,ssu
anci,MO2,400mM,76.19871794871794,lsu
anci,MO2,400mM,85.91452991452991,lsu
anci,MO2,400mM,117.31623931623932,lsu
anci,MO2,400mM,72.53632478632478,lsu
anci,MO2,400mM,98.31837606837607,lsu
anci,MO2,400mM,103.52564102564102,lsu
anci,MO2,400mM,100.42094017094017,lsu
anci,MO2,400mM,88.67094017094017,lsu
anci,MO2,400mM,149.0,ssu
anci,MO2,400mM,100.96078431372548,ssu
anci,MO2,400mM,104.11764705882354,ssu
anci,MO2,400mM,78.98039215686275,ssu
anci,MO2,400mM,83.55882352941177,ssu
anci,MO2,400mM,122.62745098039215,ssu
anci,MO2,400mM,128.40196078431373,ssu
anci,MO2,400mM,109.67647058823529,ssu
ancia,CO2,400mM,78.88272921108742,lsu
ancia,CO2,400mM,127.00213219616205,lsu
ancia,CO2,400mM,92.58848614072495,lsu
ancia,CO2,400mM,71.13219616204691,lsu
ancia,CO2,400mM,85.42217484008529,lsu
ancia,CO2,400mM,114.29424307036247,lsu
ancia,CO2,400mM,112.53091684434968,lsu
ancia,CO2,400mM,76.74626865671642,lsu
ancia,CO2,400mM,214.58620689655172,ssu
ancia,CO2,400mM,123.17241379310344,ssu
ancia,CO2,400mM,115.80172413793103,ssu
ancia,CO2,400mM,171.0344827586207,ssu
ancia,CO2,400mM,168.82758620689654,ssu
ancia,CO2,400mM,151.60344827586206,ssu
ancia,CO2,400mM,159.25,ssu
ancia,CO2,400mM,109.00862068965517,ssu
ancia,MO2,400mM,66.51172707889125,lsu
ancia,MO2,400mM,97.43070362473348,lsu
ancia,MO2,400mM,96.1044776119403,lsu
ancia,MO2,400mM,70.35181236673775,lsu
ancia,MO2,400mM,47.66737739872068,lsu
ancia,MO2,400mM,88.02985074626865,lsu
ancia,MO2,400mM,78.15991471215352,lsu
ancia,MO2,400mM,60.488272921108745,lsu
ancia,MO2,400mM,96.0,ssu
ancia,MO2,400mM,129.6206896551724,ssu
ancia,MO2,400mM,67.07758620689656,ssu
ancia,MO2,400mM,100.44827586206897,ssu
ancia,MO2,400mM,134.85344827586206,ssu
ancia,MO2,400mM,82.77586206896552,ssu
ancia,MO2,400mM,90.84482758620689,ssu
ancia,MO2,400mM,113.60344827586206,ssu
ancib,CO2,400mM,76.83870967741936,lsu
ancib,CO2,400mM,79.61290322580645,lsu
ancib,CO2,400mM,84.69032258064516,lsu
ancib,CO2,400mM,95.24516129032259,lsu
ancib,CO2,400mM,85.58494623655913,lsu
ancib,CO2,400mM,76.73333333333333,lsu
ancib,CO2,400mM,99.11612903225806,lsu
ancib,CO2,400mM,100.35913978494624,lsu
ancib,CO2,400mM,101.02777777777777,ssu
ancib,CO2,400mM,141.9537037037037,ssu
ancib,CO2,400mM,121.35185185185185,ssu
ancib,CO2,400mM,126.91666666666667,ssu
ancib,CO2,400mM,95.20370370370371,ssu
ancib,CO2,400mM,108.70370370370371,ssu
ancib,CO2,400mM,114.48148148148148,ssu
ancib,CO2,400mM,110.61111111111111,ssu
ancib,MO2,400mM,90.65806451612903,lsu
ancib,MO2,400mM,93.22795698924732,lsu
ancib,MO2,400mM,88.07741935483871,lsu
ancib,MO2,400mM,79.04516129032258,lsu
ancib,MO2,400mM,76.62795698924731,lsu
ancib,MO2,400mM,78.83870967741936,lsu
ancib,MO2,400mM,93.88602150537635,lsu
ancib,MO2,400mM,89.43225806451613,lsu
ancib,MO2,400mM,116.46296296296296,ssu
ancib,MO2,400mM,91.76851851851852,ssu
ancib,MO2,400mM,145.30555555555554,ssu
ancib,MO2,400mM,102.31481481481481,ssu
ancib,MO2,400mM,89.79629629629629,ssu
ancib,MO2,400mM,104.18518518518519,ssu
ancib,MO2,400mM,127.86111111111111,ssu
ancib,MO2,400mM,92.08333333333333,ssu
ancicd,CO2,400mM,83.50951374207189,lsu
ancicd,CO2,400mM,102.28752642706131,lsu
ancicd,CO2,400mM,60.65961945031712,lsu
ancicd,CO2,400mM,58.54756871035941,lsu
ancicd,CO2,400mM,67.723044397463,lsu
ancicd,CO2,400mM,67.53699788583509,lsu
ancicd,CO2,400mM,78.73572938689217,lsu
ancicd,CO2,400mM,70.70401691331924,lsu
ancicd,CO2,400mM,179.82962962962964,ssu
ancicd,CO2,400mM,84.70370370370371,ssu
ancicd,CO2,400mM,139.94814814814814,ssu
ancicd,CO2,400mM,140.34814814814814,ssu
ancicd,CO2,400mM,101.82222222222222,ssu
ancicd,CO2,400mM,119.77037037037037,ssu
ancicd,CO2,400mM,175.74814814814815,ssu
ancicd,CO2,400mM,142.28148148148148,ssu
ancicd,MO2,400mM,62.92389006342495,lsu
ancicd,MO2,400mM,88.77589852008457,lsu
ancicd,MO2,400mM,77.58562367864694,lsu
ancicd,MO2,400mM,89.84355179704016,lsu
ancicd,MO2,400mM,64.24947145877378,lsu
ancicd,MO2,400mM,80.27061310782241,lsu
ancicd,MO2,400mM,77.6723044397463,lsu
ancicd,MO2,400mM,73.74418604651163,lsu
ancicd,MO2,400mM,114.0,ssu
ancicd,MO2,400mM,114.82222222222222,ssu
ancicd,MO2,400mM,144.33333333333334,ssu
ancicd,MO2,400mM,144.04444444444445,ssu
ancicd,MO2,400mM,115.77037037037037,ssu
ancicd,MO2,400mM,105.45185185185186,ssu
ancicd,MO2,400mM,150.76296296296297,ssu
ancicd,MO2,400mM,152.1259259259259,ssu
anciab,CO2,400mM,87.91648822269808,lsu
anciab,CO2,400mM,84.16488222698072,lsu
anciab,CO2,400mM,125.83297644539614,lsu
anciab,CO2,400mM,76.82012847965738,lsu
anciab,CO2,400mM,92.7473233404711,lsu
anciab,CO2,400mM,94.39186295503212,lsu
anciab,CO2,400mM,113.64025695931477,lsu
anciab,CO2,400mM,93.13704496788009,lsu
anciab,CO2,400mM,166.5185185185185,ssu
anciab,CO2,400mM,118.07407407407408,ssu
anciab,CO2,400mM,121.60185185185185,ssu
anciab,CO2,400mM,167.50925925925927,ssu
anciab,CO2,400mM,129.85185185185185,ssu
anciab,CO2,400mM,127.76851851851852,ssu
anciab,CO2,400mM,173.17592592592592,ssu
anciab,CO2,400mM,136.78703703703704,ssu
anciab,MO2,400mM,93.66167023554604,lsu
anciab,MO2,400mM,80.79014989293361,lsu
anciab,MO2,400mM,127.67665952890792,lsu
anciab,MO2,400mM,76.10064239828694,lsu
anciab,MO2,400mM,84.22269807280514,lsu
anciab,MO2,400mM,99.21413276231263,lsu
anciab,MO2,400mM,81.70235546038543,lsu
anciab,MO2,400mM,109.09207708779444,lsu
anciab,MO2,400mM,106.82407407407408,ssu
anciab,MO2,400mM,117.35185185185185,ssu
anciab,MO2,400mM,89.66666666666667,ssu
anciab,MO2,400mM,82.62962962962963,ssu
anciab,MO2,400mM,126.92592592592592,ssu
anciab,MO2,400mM,103.89814814814815,ssu
anciab,MO2,400mM,84.08333333333333,ssu
anciab,MO2,400mM,74.5,ssu
